Acc No,ISBN,Title,Author,System Status
,9788126511082,Introductory Mycology,C.J Alexopoulos,Issued
,9789325990227,Text Book of Algae,Ashok Kumar Awasthi,Available
,9788125905691,An Introduction To Bryophyta Diversity Development,A.Rashid,Available
,9780195637489,Botany for Degree Students,A C Dutta,Available
,9788126574827,Essentials of Ecology,Michael Begon,Available
,81239016410,A Dictionary of Botany,Georg Usher,Available
,8123902719,Practical Pharmacognosy,Rasheed uz Zafar,Available
,9788174734327,Economic Botany,P.C Das,Available
,9788121935061,Modern Practical Botany Volume III,Dr. B.P Pandey,Available
,9788121909327,Taxonomy of Angiosperms,B.P Pandey,Available
,9788123902784,Text Book of Pharmacognosy According to new,Mohammad Ali,Available
,9788121912709,Cytogenetics Evoluation Biostatlistics And Plant Breeding,Dr R s Shukla And Dr,Available
,9788123900490,A Text Book of Algae,K S Bilgrami And LC Sah,Available
,9788123916002,A Text of Plant Ecology,K S Ambasht And N K An,Available
,9788126563203,Enviromental Microbilogy,Ralph Mitchell a Ji Don,Available
,9788123925325,A Text Book of Pharmacognosy Theory And Practicals,J.S Qadry,Available
,8123912714,Gymnosoerms Structure And Evolution,C J Chamberlain,Available
,8123902697,Handbook of Microbiology,P S Bisen,Available
,8123904940,A Concise Textbook of Botany Cryptogams and …,S S Choudharyand Prabi,Available
,9781108723053,Phycology,Robert Edward Lee,Available
,9788121905930,College Botany vol I Incloding Algae Fungal Lichens,Dr B P Pandey,Available
,9788121904049,A Textbook of Botany AnGiosperms Taxonomy,Dr B P Pandey,Available
,9788120326743,Crop Diseases And Their Management,"H S Chaube V S , V.S Pundhir",Available
,9788125918790,Plant Physiology,SN Pandey and Bk Sinha,Available
,9788121906272,A Text Book of Plant Physiology Biochemistry and Biotechnology,S K Verma And Mohit Verma,Available
,9788121935210,Botany for Degree Students Part-I Algae,B R Vashishta and ….,Available
,9780070141599,Plant Taxonomy,O P sharma,Available
,9781259062872,Bryophyta Diversity of Microbs and Cryptogams,O P sharma,Available
,9780070681941,Algea: A Series on Diversity of Microbs and Cryptogams,O P sharma,Available
,9780070473997,Plant Pathology,R S Mehrotra,Available
,9789332586093,Concept of Ecology updated,Edward J Kormondy,Available
,9788131715574,Element of Ecology,Thomas M Smith and Robert,Available
,8120414411,Diseases of Fruit Crops,R S Signgh,Available
,8120409884,Disease of vegetable Crops,R S Signgh,Available
,8123910436,Plant Physiology,Salisbury and Ross,Available
,9780070700383,Fungi and Allied Microorganisms Diversity of Microbes,O P Sharma,Available
,9789352607051,Plant Pathology,R S Mehrotra and Ashok,Available
,9789325981294,The Embyryology of Angiosperms,S S Bhojwani and S P Bh,Available
,9789387886728,The Living World Marphology and Anatomy for Neet,Mc Graw Hill,Available
,9780195676839,Bioinformatics Databases Tools And Alogorithms,Orpita Bosu and Simmino,Available
,9780198724674,Introduction to Bionformatics,Arthur M Lesk,Available
,8123912412,Bioinformatics Sequence and Genome Analysis,David W Mount,Available
,9780070586918,Human Development,Diane E Papalia,Available
,9780074623206,Microbiology,Micheal J Pelozar,Available
,9780198075516,Cell Biology,T Devasena,Available
,8123906994,Textbook of Biotechnology Fundamentals of Molecular Biology,S K Jain,Available
,9788123901336,Introduction to Biotecnology,K S Bilgrami and A K William,Available
,9780070139190,Genetics Schaums Outlines,Susan Elrod and William Stansfield,Available
,9788123916064,Molecular Biology A Complete Cours,R N Singh,Available
,9788126574704,Bioinformatics for Genetics A Bioinformatics Primer  for the analysis of genetic data,Michael R Barnes,Available
,9780071077798,Recombinant DNA Technology And Genetic Engineering,K Rajagopal,Available
,9788131773284,The Cell Organisation Functions And Regulatory Mechanism,Shakir Ali,Available
,9789332517387,Practical Skills in Biomolecular Sciences,Rob Reed and David Hol,Available
,8123914083,Cell Biology Organelle Structure and Function,David E Sadava,Available
,9780521729475,Basic Biotechnology,Colin Ratledge and Bjorn,Available
,9780071315944,Human Biology,Sylvia S Mader,Available
,9789332577480,Principles of Cancer Biology,Lewis J Kleinsmith,Available
,9780521613910,Fundamental Genetics,John Ringo,Available
,9789332578562,Biology A Guide to the Natural World,David Krogh,Available
,0030047820,Vertebrate Dissection,Wanen F Wallker,Available
,9788126574520,A textbook of Agricultural Entomology,David V Alford,Available
,9789386650672,Physics for Scientists and Engineers with Modern ..,serway Jewtt,Available
,9789386650672,Physics for Scientists and Engineers with Modern ..,serway Jewtt,Available
,9789332571785,Introduction to Acoustics,Robert D Finch,Available
,9780521566971,Physics by Example 200 Problems and Solutions,W G Rees,Available
,9781259006586,Basic Electronics Solved Examples 500 MCQs 400,Soumitra Kumar Mandal,Available
,9788120350663,Elements of Solid State Physics,J P Srivastava,Available
,9781118912164,Particle Physics,B R Martin and G Shaw,Available
,9788177588873,Electronic Devices and Circuts,Theodore F Bograt JR Jeffery S. Beasley,Available
,9788126517022,Physics of Semiconductor Devices,S M Sze And Kwok k Ng,Available
,9788121927833,A textbook of Applied Electronics,R S Sedha,Available
,9788126510894,Physics Vol II,Resnick and Halliday,Available
,9788126510894,Physics Vol II,Resnick and Halliday,Available
,9788126552566,Principles of Physics,Jearl Walker and David ..,Available
,9788126552566,Principles of Physics,Jearl Walker and David ..,Available
,9788131514047,Physics for Scientists and Engineers with Modern ..,Jewett Serway,Available
,9788152656779,Modern Physics,Kenneth S Krane,Available
,9789352861774,Conceptual Physics,Paul G Hewitt,Available
,9780199461851,Principles of Electromagnatics,Mathew N O Sadiku,Available
,9781259004346,Optics,Ajoky Ghatak,Available
,9788131785010,Special Theory of Relativity,S P Puri,Available
,9789351341857,Concepts of Modern Physics,Arthur Beiser and Shobhit,Available
,9789351341857,Concepts of Modern Physics,Arthur Beiser and Shobhi,Available
,9788131500521,Solid State Physics,Ashcroft Mermin,Available
,9788131500521,Solid State Physics,Ashcroft Mermin,Available
,9788130923079,Modern Physics,S L Kakani Shubhra and anit,Available
,9788130923079,Modern Physics,S L Kakani Shubhra and anit,Available
,9781305394056,HTML5 and CSS3Introductory,Sasha Vodnik,Available
,9789332549395,Data Structutres with java,John R Hubbard and Anit Huray,Available
,9789673498215,Data and Computer Communications,William Stalling,Available
,9781107439825,Advanced Data Structurs,Peter Brass,Available
,9788126544004,Excel Data Analysis Visual Blueprint,Paul McFedries,Available
,9788131727188,Distributed Database System,Chhanda Ray,Available
,9789386650320,Introductory Web Design,Jennifer T Campbell,Available
,9789382993940,A Textbook on Automata Theory,P K Srimani And,Available
,9789384323097,Computer Science Illuminated,Nell Dale And John Lewis,Available
,9788131525296,Introduction to the Theory of Computation,Michael Sipres,Available
,9789332549890,Elements of the Theory of Computation,Harry R Lewis Christos H,Available
,9788131533611,Principles of Communication System,Dr K N Bhat,Available
,9789332539181,Connecting Networks Companion Guide,Cisco Networking Academy,Available
,9788131532690,Computer Science A Structured Programming,Behrouz A Frouzan,Available
,9789673498284,Java how to Program Early Objects,Paul Deitel And Harvey Deitel,Available
,9789673498413,Fundamentals of Database System,Ramez Elmasri and Shamkant,Available
,9789353161248,Corel Draw X8 the Officail Guide,Gary David Bouton,Available
,9780071077705,Data Communications and Networks,Achyut S Godbole,Available
,9789332585935,Java an Introduction to Problem Solving and ….,Walter Savitch,Available
,9788131532508,"An Introduction to Java Programming And 
Object-Oriented Application Development",Richard A johnson,Available
,9789673498178,Artificial Intelligence Structures And Strategies For ..,George F Luger,Available
,9788181289162,Fundamentals of computer security,Josef Pieprzy K,Available
,9788126577651,Information Security Princples and Practice,Mark Stamp,Available
,9780198070887,System Programming,Srimanta Pal,Available
,9788126549153,Computer Programming,P Kumar,Available
,9788126515240,Sampling Techniques,William G Cochran,Available
,9788121900447,Practical Statistics,R S N Pillai Bagavathi,Available
,9788131775141,An Introduction to Biostatistics,P Mariappan,Available
,9780071333740,Research Designs And Statistics A Bio Behavioural,Thomas Edwards,Available
,9788131761366,Probability and Statistics,Rukmangadachari E,Available
,9780070083271,Statistical Methods Combined Edition VolI and II,N G Das,Available
,9780070151536,Statistics Schaum outlines,Murray R Spiegel,Available
,9780070605015,Introduction to Probabilty and Statistics Schuams Out lines,Seymour Lipschutz and J …,Available
,9780840058782,Elementray Statistics,Robert Johnson Patricia…..,Available
,9781292165417,A first Course in Statistics,James Moclave and terr,Available
,9781133112143,Probability and Statistics  for Engineers and scientists,Anthony Hayter,Available
,9788123919805,Statistics for Senior Secondary Students,B L Agarwal,Available
,9780070445208,Introduction to the theory of statistics,Alexander M Mood,Available
,9788126519262,An introduction to Probability and Statistics,Vijay K Rohatgi,Available
,9780367203528,"Statistical Methods An Introduction To Basic Statistics 
Concepts and Analysis",Cheryl Ann Willard,Available
,9788126551811,Introduction to Real Analysis,Robert G Bartle and Doni…,Available
,9788131717400,Applied Numerical Analysis,Cutis f Gerald and Pat…,Available
,9788121923212,Culculus of finite Differences and Numerical Analysis Allied Mathemathics,P Kandasamy,Available
,9780821887103,Analytic Number Theory Colloquium Publications,Henrky Lwaniec Emmanui,Available
,9780070085381,Complex Variables Schaums Outlines,Murray R Spiegel,Available
,9788131733103,Discrete Mathematics,Babu Ram,Available
,9783110378153,Introduction to Topology,Min Yan,Available
,9788131712870,Discrete Mathematics,Richard Johnsonbaugh,Available
,9788130915746,Pashtun Tales from the Pakistan Afghanistan Frontier,Aisha Ahmad,Available
,9788121904025,Indian Administration,Dr Vishnoo Baghwan,Available
,9788120417069,A History of Political Theory,George H Sabine and …,Available
,9780815705574,Deadly embrace Pakistan America and the Future of the Global Jihad Embrace,Bruce Riedel,Available
,9780300178845,The Taliban Revival Violence and Extremism on the Pakistan Afghanistan Frontier,Hassan Abbas,Available
,9781138576346,Modern Diplomacy,R P Barston,Available
,0465044352,The Malady of Islam Translated from the French,Abdelwahab Mddeb,Available
,9788174364258,Cross Border Talks Meghnad Desai Divided by Democracy Cross Border Talks,Aitzaz Ahsan,Available
,9789386858894,Research Methods in Political Science An Introduction,Michael K Le Roy,Available
,9780670086436,Mr and Mrs Jinnah the Marriage that Shook India,Sheela Reddy,Available
,9780143030874,Kashmir The Untold Story,Humra Quraish,Available
,9789352777693,Reimagining Pakistan Transforming A Dysfunctional Nuclear State,Husain Haqqani,Available
,9780141038247,Pakistan A Hard Country,Anatol Lieven,Available
,9780143064794,Frontline Pakistan The Path To Catastrophe and the Killing of Benazir Bhutto,Zahida Hussain,Available
,9781787380325,Making Sense of Pakistan,Farzana Shaikh,Available
,9789387578494,Pakistan A Drift Navigating Troubled Waters,Asad Durrani,Available
,9788125005148,India Wins Freedom The Complete Version,Maulana Abul Kalam Azad,Available
,9788126574810,A Guid to Econometrics,Peter Kennedy,Available
,9781133607526,Economics and Contemporary Issues,William J McLean Michael,Available
,9781292217888,Foundation of Economics,Robin Bade and Michael,Available
,9781292165592,Economics Principles Applications and Tools,Arthur O Sullivan Stepher,Available
,9781429240024,Macroeconomics,N Grebory Mankiw,Available
,9789386668424,Macroeconomics,N Grebory Mankiw,Available
,9781285738307,Microeconomics,Roger A Arnold,Available
,9781259029127,The Art of Public Speaking,Stephen E Lucas,Available
,9780070618312,Fundations of Business Communication an Integrated Approach,Dona J Young,Available
,9781259025716,Communication Skills,Tracey Bretag,Available
,9789353500252,English Communication Theory and Practice,Manoj Kumar Garg,Available
,9788131516041,Business Communication,Mallika Nawal,Available
,9788126530755,Assignment And Thesis Writing,Jonathan Anderson,Available
,9788121931694,Contemporary Communicative English,Dr Shruti Das,Available
,9788130926926,Orientalism in English Literature Perception of Islam and Muslims,Abdur Raheem,Available
,9788121900294,Write Well Book of Essays Letters and Stories,Dev Raj Aggarwal,Available
,9781259026089,English for Academic and Professional Skills,Anand Mahanand,Available
,9780804125789,The Princetion Review College Essays That Made A Difference the Princeton,Robbert Frank,Available
,9780141982809,A Short History Of English Literature,Ifor Evans,Available
,9780199543786,Oxford Dictionary of English Idioms,John Ayto,Available
,9781138039674,Doing English A Guide For Literature Students,Robert Eaglestone,Available
,9788174731197,An Introduction to the Study of English Liiterature,W H Hudson,Available
,9789388038287,English in Practice in Pursuyit of English Studies,Peter Barry,Available
,9780857834034,Dictionary of Prowerbs and Their Origins,Linda And Roger Flavell,Available
,9781305394223,Steps to Writing Well,Jean Wyrick,Available
,9788131514672,Soft Skills for Everyone,Jeff Butterfield,Available
,9780194312509,Oxford English Grammar Course Advanced,Michael Swan And Cather,Available
,9780194420839,Oxford Grammar Course Intermediate,Michael Swan And Cather,Available
,9781119055266,The Handbook of English Pronunciation,Marnie Reed and John M,Available
,9789386250667,Good Word Guide the Fast Way to Correct english Spelling…,Martin H Manser,Available
,9780195658095,Current English Grammar and usage with Composition,R.P Sinha,Available
,9781259002519,English Made Easy,Mary Margaret Hosler,Available
,9781101873854,Word Power Made Easy the Complete Handbook for Building a Superior Vocabulary,Norman Lewis,Available
,9780194374446,Controversies in Aplied Linguistics,Barbara Seidhofer,Available
,9780521152440,Linguistics an Introduction,Andrew Radford and Martin Atkinson,Available
,9780300205312,A Little History of Literature,John Sutherland,Available
,9788131526354,A Glossary of Literary Terms,M H Abrams,Available
,9788174733054,A Short History Of English Literature,George Saintsbury,Available
,9788126556595,Spectrometric Indentification of Organic Compounds,Robert M Silverstein,Available
,9780486691862,Modern Quantum Chemistry Introduction to Advanced…,Attila Szabo and Neil S O,Available
,9788121900294,Write Well Book of Essays Letters and Stories,Dev Raj Aggarwal,Available
,9788121900294,Write Well Book of Essays Letters and Stories,Dev Raj Aggarwal,Available
,9788126515707,Stereochemistry of Organic Compounds,Ernest L Eliel Samu,Available
,9783110441147,Organic Trace Analysis,Reihard Niessner and A,Available
,9788126540495,Organic Synthesis Strategy and Control,Paul Wyatt and Stuart,Available
,9780074620540,Introductory Quantum Chemistry,A K Chandra,Available
,9780070681149,Stoichimetry,B I Bhatt and S /b thankon,Available
,9788131774854,Introduction to Biochemistry and Metabolism,D Anandhi,Available
,9788126574841,Principles of Analytical Chemistry,F W Fiflied and D Keeley,Available
,9789332545076,Essentials of Analytical Chemistry,Ramakrishnan and Mukh,Available
,9788126511136,Analytical Chemistry,Gary D Christian,Available
,9788126539512,Chemistry for Engineers,Dr Amarika Singh Dr S.Vt,Available
,9789332585454,Biochemistry Concepts and Connections,Deen R Appling,Available
,9789387153523,Biochemistry Preamble and Practice Tutiorial,T A Brown,Available
,9788131533451,Enviornmental Chemistry,Subhendu Chakroborty,Available
,9789386105257,Chemistry of the Environment,Thomas G Spiro and Katl,Available
,9788130920580,Chemistry for Engineers,Abhijit Mallick,Available
,9780071313667,University Physics with Modern Physics,Bauer Westfall,Available
,9781292163444,Thomas Calculus Early Transcendentals,Weir Hass,Available
,9780007210121,Advanced Learners English Dictionary,Harper Collins Cobuild Publisher,Available
,9780821887110,A Cours in Approximation Theory,Ward Cheney and Will Ligh,Available
,9789332521391,Discrete Mathematical Structures,U S Gupta,Available
,9780199452798,Discrete Mathematics,R K Bisht H S Dhami,Available
,9789384323264,Discrete Structures Logic and Computability,James L Hein,Available
,9780877796336,Merriam Websters Concise Dictionary of English Usage the Essentials of Clear Expression,James J Kilptrick,Available
,9789673498383,Topology,James R Munkres,Available
,9789332535237,A Friendly Introduction to Number Theory,Joseph H Silverman,Available
,9780070601727,Finite Element Analysis Schaums Outlines,George R Buchanan,Available
,9781111833145,International Relations Perspectives Controversies and Readings,Keith L Shimko,Available
,9780521125178,Genocide and International Relations Changing Patterns in the Transitions of the Medern World,Martin Shaw,Available
,9788174730695,International Relations,Palrner and Perkins,Available
,81239134610,International Relations,Palrner and Perkins,Available
,9788130930312,Governance and Citizenship,Tapan Biswal,Available
,9789673498277,International Relations,Jon C W Pevehouse,Available
,9781107653566,Dialogue Politics and Gender,Jude Browne,Available
,9789386385260,Studies in Comparative Politics an Introduction to approaches,Timothy C Lim,Available
,9789386858924,Comparative Politics Domestic Responses to Global Challenges,Charles Hauss,Available
,9788131733431,A Comprehensive Grammar of the English Language,Randolph Quirk Sidney Greebaum,Available
,9780071280846,Socialogy A Brief Introduction,Richard T Schaefer,Available
,9781259026669,Social Research Methods,Avdhesh S Jha,Available
,9780074622506,Introduction to Psychology,Clifford T Morgan Richard,Available
,9780071077996,General Psychology,Amit Abraham,Available
,9788130918945,Quantum Chemistry,Donaid A Mcquarrie,Available
,9789332518728,Logic and Computer Design Fundamentals,M Morris Mano,Available
,9789673498208,Cryptography and Network Security Principles and Practice,William Stalling,Available
,9788126508358,Software Engineering Project Management,Richard H Thayer,Available
,9789332901513,An Introduction to Programming Through C ++,Abhiram G Ranade,Available
,9788131702291,Data Structutres using C,Aaron M Tenenbaum,Available
,9788121908290,A Manual of Practical Zoology Invertebrates,Dr P S Verma,Available
,9788121916394,Chordate Zoology,E L Jordan,Available
,9789374735534,Industrial Biotechnology,Dr Kavita,Available
,9788174732969,Essentials of Biotechnology,Chandrani Sanayal Datta,Available
,9780071070577,Introduction to Molecular Biology,Peter Paolella,Available
,9788121902618,Chordate Embryology Developmental Biology,P S Verma and V K Agan,Available
,9788131520772,Theories of Personality,"Duane P Schultz and ,,",Available
,582735,Pakistan Affairst for CSS PMS and Other Competitive Examination,M Ikram Rabbani,Available
,367653,The Impact of Afghan Transit Trade on NWFP Economy 1990-2000,Dr Sayed Waqar Hussain,Available
,259651,Muslim Rule in India AND Pakistan 711- 1707 AD,Mohammad Sohail Bhatti,Available
,9693517032,Pakistan and Muslim India Nationalism in Conflict in India,M R T,Available
,9789693513363,Imperial Gazetteer Provincial Series North West Frontier Province,H A Rose,Available
,9789693530636,England and Russia in the East,Sir Henry Rawinson,Available
,9789693530632,"Pakistan Divided Study of the Factors and Forces, Leading to the Breakup of Pakistan in 1971",Dr safdar Mahmood,Available
,9789693530629,Pakistan Rule of Muslim League and Inception of Democracy 1947-54,Dr Safsar Mahmood,Available
,9789693523553,The Muder of History A Critique of History Textbook used in Pakistan,K K Aziz,Available
,9789693529050,Narrative of Pakistan,Muhammad siddique Sheikh,Available
,9789699988370,Pukhtun Economy and Society Traditional Structure And Economic Development in a Tribal Society,Akbar S Ahmed,Available
,9789699988325,The People of Pakistan an Ethnic History,Yu V Gankovsky,Available
,9780195771145,Pakistan the Formative Phase 1857 1948,Khalid Bin Sayeed,Available
,9789693507577,Muslim Struggle for Independence from Sir Syed Ahmad Khan1857-1947,Dr S Qalib I Abid,Available
,9789695626580,Facts are Facts the Untold Story of India's Partilion,Wali Khan,Available
,9789693510027,The Indian Musalmans,W W Hunter,Available
,205115,Pakistan and South Asian Environment,Ejaz Aslam Qureshi,Available
,9789699988400,Pakistan Society Islam Ethnicity and Leadership in south Asia,Akbar S Ahmed,Available
,9780195792768,Pakistan in the Twentieth Century A Political History,Lawrence Ziring,Available
,534871,Kashmir An issue of A Nation Not Disputte of A Land,Dr Shabir Choudry,Available
,529945,Kashmir Fight for Freedom 2Vol set 1947-1978,Muhammad Yusuf Saraf,Available
,529945,Kashmir Fight for Freedom 2Vol set 1947-1978,Muhammad Yusuf Saraf,Available
,9693515846,Modern Afghanistan,Sirda Ikbal Ali shah,Available
,9780199064380,Pakistan Beyond the Crisis State,Maleeha Lodhi,Available
,97896950310919,Jammu and Kashmir Issue and the Parliament of Pakistan 1948-77,Dr Nadeem Shafiq Malik,Available
,9780195797701,Incomplete Partition the Genesis of the Kashmir Dispute 1947-1948,Alastair Lamb,Available
,539708,Role of City Kasur in Pakistan Movement,Subhendu Chakroborty,Available
,550307,Muslim World History of Creation of Pakistan and Important Events from 1947 to date,Ainuddin Siddiqi,Available
,978963507874,Culture of Pakistan,Dr Laeeqe Babree,Available
,9789693508703,The Making Pakistan A Study in Nationalism,K K Aziz,Available
,9789693519464,The British in India A Study in Imperialism,K K Aziz,Available
,9780957033344,Kashmir Emerging Concept of Sovereign State,Prof. Dr M A Khan,Available
,404044,A Short History of Pakistan 1857 AD to Date,Muhammad Sohail Bhatti,Available
,9780199400416,Pakistan A New History,Lan Talbot,Available
,9780199065127,A Cocise History of Pakistan,M R Kazimi,Available
,978969988059,The Political System of Pakistan,K B Sayeed,Available
,9789693510805,Ayub Bhutto and Zia How They Fell Victim To Their Own Plans,Syed Shabbir Hussain,Available
,9789699988608,Greek Political Thoughts of Plato  and Aristotle,Emest Barker,Available
,575225,"A Complete Resouce Manual Political Science Paper I , II",Aamer Shahzad,Available
,479967,Government and Politics in Pakistan Questions and,M Asif Malik,Available
,572446,Comparative Political Sytem Questions and Answar,M Asif Malik,Available
,9789695380147,Elements of Civics Part 1 Princples of Civics,Mazhar Ul Haq,Available
,9695380158,Civics of Pakistan,Mazhar Ul Haq,Available
,480031,M.A Political Science Guide Defence and Strategic Studies,M Asif Malik,Available
,480123,Public Administration Questions and Answar M A Political Science Guide,M Asif Malik,Available
,9789695735411,"To the Point Political Paper I and II for CSS PMS, PCS",Zahid Hussain Anjum,Available
,515788,Constitutional Development in Pakistan,G W Choudhury,Available
,297578,Local Self Government in Pakistan,Muhammad Asif Malik,Available
,593991,An Introduction to Political Science for CSS PCS,Prof Pervez Ahmed,Available
,457811,Introduction to Political Science,Prof Dr Muhammad Sarwar,Available
,9789695380000,Political Science Theory and Practice,Mazhar Ul Haq,Available
,9789694025575,The Future of Pakistan,Stephen P Cohn and others,Available
,9789694025667,Thistle and Drone Americas War on Terror or War on Trible Islam,Akbar  Ahmed,Available
,9780241130551,Waiting for Allah Pakistan Struggle for Democracy,Christina Lamb,Available
,9789697576432,Analysing Public Opinion of Pakistan on china Pakistan Economic Corridor,Rida Rizvi,Available
,9789694780016,Comprehensive Pakistan Studies,M Ikram Rabbani,Available
,595001,High Scoring General Science and Ability for CSS,Farooq Mazhar and Aqsa Khalid,Available
,427463,Encyclopedia of General Knowledge for CSS PMS and others,Muhammad Soban,Available
,9789695883419,Everyday Science MCQs All Previous and Expexted Questions,M Imtiaz Shahid,Available
,597425,PMS Solved Papers Compulsory Subject 2005 to Date,Shabbir Hussan Chaudhi,Available
,559430,PMS Guide Converting All Compulsary Papers,Adeel Niaz,Available
,589529,Pakistan Penal Code 1860,Ambrin Tariq Awan,Available
,405935,The Constitution of the Islamic Republic of Pakistan,Zaka Ali,Available
,479035,The Pakistan Penal Code 1860 XLV of 1860 with New Islamic Laws 1979,Eastern Law Book,Available
,533966,International Law,Dr H Q Agarwal,Available
,471640,The Constitution of Great Britain,Mamoon Rashid Pirzada,Available
,479288,The Constitution of the United State of America,Emmanuel Zafar,Available
,578042,English Jurisprudence LLB Part I Paper II,Mirza Sajjad Baig,Available
,594172,The Code of Civil Procedure V of 1908,Atif Sattar Arieen,Available
,548113,The Code of Criminal Procedure V of 1898,Aurangzeb Knakwani,Available
,9780199407828,Constitutional and Political History of Pakistan,Hamid Khan,Available
,550215,Jurisprudence and Legal Theory,Dr V D Mahajan,Available
,562140,A Digest of Muhammad Law 2 Vol Set Compiled,Neil B E Baillie,Available
,562140,A Digest of Muhammad Law 2 Vol Set Compiled,Neil B E Baillie,Available
,476508,A Hand Book for Drawing and Disbursing Officer D.D.Os,M Salem Iqbal Awan,Available
,479202,The Principle of Muhammad Jurisprudence,Sir Abdur Rahman,Available
,585972,The Constitution of the Islamic Republic of Pakistan 1973,Nafeer A Malik,Available
,579193,Assignment on Pakistan Penal Code 1860 and New Islamic Hudood Lawa 1979,Huma Hamid,Available
,590358,Blacks Law Dictionary,Bryan A Garner,Available
,199773,International Law,Ch Moazzam Ali and Faiz,Available
,591447,The Pakistan Penal Code 1860 XLV of 1860 with New Islamic Laws 1979,Sajad Anwar Khan and H,Available
,258319,Development Economics Theory and Policy,Aamir Rafique,Available
,376945,Agriculture Economics According to the new …,M Asif Malik,Available
,00309729,The Pakistan Development Review Vol 43,A R Kemal,Available
,584722,HighScoring English Precis and Composition CSS,Muhammad Ali Zafar and,Available
,55500,Transline Grammar of Spoken and Written English A …,Aamir Shehzad,Available
,9789695885468,Advanced English Grammar Rules and Sentences,Arshad Saeed and Attiya,Available
,589116,English for Subject Specialist Senior Subject,Ch Ahmad Najib,Available
,9789695885017,Idioms Idiomatics Phrases and Phrasal Verbs,M Imtiaz Shahid,Available
,594233,English Grammar and Composition Guideline,Maleeha Ayaz Malik,Available
,569361,Darsi Secondary english Translation,Darsi Idara,Available
,455589,Presis Writing Comprehension and Drafting,Sehrish Iftekhar and Nazir Rana,Available
,9789695730553,Spoken and Functional English,Sonia Bokhari,Available
,9789695882764,Presis Writing Manual,M Imtiaz Shahid,Available
,574679,A Complete Self Study Tenses with Senses According to Brithish and…,Muhammad shahid khan,Available
,594004,The Study of Linguistics,Abdul hameed Siddique,Available
,480185,Darsi Secondary School Grammar and Composition,Darsi Idara,Available
,9780195472196,English for Undergraduatess Revised and Updated,D H Howe T A Kirkpatrick,Available
,9789697086894,1000 Werbs Vocabulary Builder With  Urdu Translation,Fawaz Niaz,Available
,474863,Islami Ehkam Aur Insani Sehat Islami Ahkam Maslan …,Dr Javed Iqbal,Available
,9789690024480,AKS,Umera Ahmed,Available
,9789695814062,Japan Mein Panch Saal,Dr Abdul Haque,Available
,566407,Nagri Nagri,Javaid Mohsin Malik,Available
,9789697460014,Afsana Hijaz Safarnama Haj,Abdul Ghafoor,Available
,396967,Labbaik,Mumtaz Mufti,Available
,9695034152,Kuliyat E Iqbal Urdu Ma Farhang,Allama Muhammad Iqbal,Available
,9789697310623,Heeyat E Shair Shair Iqbal Ki Jmaliyati Saakht Aur,Ali Akbar Natiq,Available
,591676,Rooh E Iqbal,Dr Yousaf Hussain Khan,Available
,9789693505146,Raja Gidh,Bano Qudsia,Available
,9789693526882,Ibn Ul Waqat,Dupty Nazir Ahmad,Available
,9789693505610,Aangan,Khadija Mastoor,Available
,445078,Manto Aur Us Kay Mutanaza  Afsanay,Saadat Hassan Manto,Available
,361842,La Hasil,Umair Ahmad,Available
,9690018868,Pir E Kamik,Umera Ahmed,Available
,561839,Taraqi Pasand Tehreek Aur Urdu Shayri,Yaqoob Yawar,Available
,9789693520590,Chowpaal,Ahmad Nadeem Qasmi,Available
,9789693520620,Sannaataa,Ahmad Nadeem Qasmi,Available
,9789695173916,Dasht E Janoo,Amina Riaz,Available
,9789695732908,Urdu Lught Jamia Tareen,Wasi Ullah Khokhar,Available
,199476,Toheed Ki Haqeeqat Quran o Hadees Ki Roshni Mein,Ghulam Mohi Ud Din Aawa,Available
,9695038697,Qasida Burdah Shareef,Hazrat Imam Bosen,Available
,9695032273,Fawaid Ul Fawad,Hazrat Khawaja Nizam Ud Din,Available
,306034,Kaba Pe Pari Jo Pehli Nazar,M Iqbal Javed,Available
,422222,Islam Main Ghulami Ki Haqeeqat,Maulana Saeed Ahmad,Available
,469067,Kitabul Taheed,Muhammad Bin Abdul ..,Available
,534444,Beynaat E Masturaat,Hazrat Maulana Tariq Jamil,Available
,446907,Ashraf Ul Jawab 2 Vol Set,Maulana Ashraf Ali Tanvi,Available
,446907,Ashraf Ul Jawab 2 Vol Set,Maulana Ashraf Ali Tanvi,Available
,554114,Al Khutabal Mimbariyyat Lil Jumat Wal Eldain 2 vol,Muhammad Idrees Share,Available
,554114,Al Khutabal Mimbariyyat Lil Jumat Wal Eldain 2 vol,Muhammad Idrees Share,Available
,489454,Seerat Ameer Mauvia R.A Aur Un Kay Waqiat,Maulana Muhammad Zafar,Available
,297028,Tahqeek O Tandeed,Dr Farman Fatah Pur,Available
,592543,Adab Aiamal Aur Jamal E Matan,Dr Tariq Hashmi,Available
,580311,Urdu Nasar Ka Fanni Irtiqa,Dr Farman Fatah Pur,Available
,9789693511291,Mazan Pursi,Dr Muhammmad Yunus,Available
,9789693525908,Urdu Adab Ki Mukhtasar Tareen Tarikh Aaghaz se…,Dr Saleem Akhtar,Available
,9695031765,Ghubaray,Mumtaz Mufti,Available
,589598,Angaray Century Number April ta December 2018,Syed Amir Sohail,Available
,575720,Patras Kay Mazameen,Ahmad Shah Bukhari,Available
,9789693521085,Manto Kay Afsaanay,Sadat Hassan Manto,Available
,594899,Naqabil E Faramosh Izafa Shuda Edition,Dewan Singh Mafton,Available
,9789697089291,Akhree Chataan,Naseem Hijazi,Available
,9789695814352,Ghair Afsanvi Nasr Par Tahqeeq Azadai Kay Bad,Dr Sikandar Hayyat,Available
,588447,Aap Beeti Mirza Ghalib,Khalid Nadeem,Available
,572934,Rudad E Dastanbo Bazban E Gaib,Mirza Asad Ullah Khan,Available
,9789697280018,Jadeed Urdu Tandeed Asool O Nazriyat,Dr Sharib Radolvi,Available
,9789698422424,Drama Anrkali Tahqiq Kay Ainay Mein,Dr Shazia Razaq,Available
,9789695626955,Asnaf E adab Urdu,Dr Qamar Raees,Available
,9789693515534,Sharah Israr O Ramooz,Dr Khawaja Hameed,Available
,9694960460,Bazam Aaraiyan,Muhammad Khan,Available
,544889,Fazli E Ali,Hazrat Allama Muhammmad,Available
,9789695815922,Prem Chand Or Ahmad Nadeem Qasmi Ke Afsanay,Aamir Shahzad,Available
,548250,Gussa Mat Karein,Abu Ubaid Abd Ur Rahman,Available
,9789699037047,Naqsh E Dawan,Altaf Hussain Awan,Available
,587143,Kamal O Zawal Fatah Sindh sy Saqot Dhaka Tak,Sohail Shirjeel Anwar,Available
,198240,Baharat Israil Guth Joor,Dr Akhtar Nawaz khan,Available
,254366,Baloch Tareekh Kay Aainay Mein,Mazhar Ali Khan,Available
,9789694190037,Pakistan Kay Tehzibi O Siyasi Masail,Sibte hasan,Available
,9789694190134,Pakistan Main Tahzeeb ka Irtiqa,Sibte hasan,Available
,581509,Delhi Ki Bipta,Shahid Ahmad Dehlvi,Available
,582919,Adbi Asnat,Prof. Gyan Chand Jain,Available
,9789694190884,Aapbeeti Jagbeeti Purani Dilli sy Nayi Duniya ka,Saad Rashid Ul Khairi,Available
,286305,Dewan E ghalib,Mirza Asad Ullah Khan,Available
,573832,Muqadama E Sher O Shairi Urdu Classical Adab,Khawaja Altaf Hussain,Available
,580625,Bagh O Bahar,Meer Aman Dehlvi,Available
,586924,Maha Bharat,Kamran Nadeem,Available
,9789695628577,Sufi Kon,Ghafir Shahzad,Available
,452779,Masadas Hali,Altaf Hussain Hali,Available
,290784,Nehjul Fasahat,Allama Syed Nasir,Available
,433648,Khutbat E Seerat,Allama Zia Ul Rehman,Available
,465427,Sahih Muntakhib Waqiyat 2 Vol Set,AI Sheikh Muhammad,Available
,465427,Sahih Muntakhib Waqiyat 2 Vol Set,AI Sheikh Muhammad,Available
,563437,Rehmat Kay Farishton Say Mehroom Ghar,Akasha Abdul Manan,Available
,9789695031988,Tabeer Ur Roya Khawab Aur Us Ki Tabeer Kay,Allama Ibn E Sareen,Available
,578837,Tabeer Ur Roya Yani Khawab Nama Kabeer Urdu,Allama Ibn E Sareen,Available
,9693519558,Kashf Ul Mahjoob Farsi,Abdul Hasan Syed Ali Bin,Available
,996098224,Insan Apny Sefat K Ayny Mai,Abdul Bin Muhammad,Available
,544320,Islam Hi Deen E Barhaq Hai,Abdul Al Raheem Green..,Available
,9789960970653,Sunehray Haroof,Abdul Malik Mujahid,Available
,210157,Shahnama E Islam Mukamal,Hafeez Jalandri,Available
,547239,Al salah,Hafiz Muhammad Muhad,Available
,562467,Sadat Hassan Manto Shkhsiyat Nama,Dr Amjad Tufail,Available
,9695033997,Muhazraat E Fiqah,Dr Muhammad Ahmad Gha,Available
,9695035142,Muhazrat Seerat,Dr Mehmood Ahmad,Available
,9695033458,Mahazrat E Hadees,Dr Mehmood Ahmad,Available
,97896950310209,Jama O Tadveen E Quran,Dr Hafiz Muhammad Abd,Available
,9780195793406,Oxford English Urdu Dictionary,Shanul Haq Haqee,Available
,9780195479256,Linguistics for Beginners Basic Concepts,Tariq Rahman,Available
,9780919068357,A history of Pakistani Literature in English 1947- 1988,Tariq Rahman,Available
,9789699988509,Democracy and Governance in Pakistan,Tahir Kamran,Available
,9780199408979,Governing the Ungovernable Institutional Refoms,Ishrat Husain,Available
,8130706113,The Government of United States National State National State and Local,William Bennett Munro,Available
,9789696640813,Essentials of International Relations Paper I and II,Kanwal Batool and Zahid,Available
,9789699988998,Trek to Pakistan,Ahmad Saeed and Kh,Available
,9789697088546,Qafila Hijaz,Naseem Hijazi,Available
,9789693526745,Qindeel E Cheen Afsanay,Qudrat Ul Ain Haider,Available
,9693517237,Nai Pood,Ivan Turgenev,Available
,96935165540,Boond Boond,Intizar Hussain,Available
,9789693522990,Aag Ka Daryan,Qudrat Ul Ain Haider,Available
,9789697280155,Quiad E Azam Shanasi Mozoati Muzamin Ki Roshni Main,Khuwaja Razi Haider,Available
,352595,Mohsin E Pakistan Doctor Abdul Qadeer Khan,Imran Hussain Chaudary,Available
,9690021265,Sub Se Pehley Pakistan,Pervaiz Musharraf,Available
,9789693505283,Ayub Khan Fauji Raj Kay Pehlay Das Saal,Altaf Gauhar,Available
,229890,Aina E Maloomat E Pakistan,Nusrat Ali,Available
,326629,Hassas Idaray,Brigadier syed Ahmad,Available
,432139,Kargill Marka Ya Phanda White Paper,Muhammad Saddique,Available
,9789693517552,Shahaab Nama,Qudrat Ullah Shahab,Available
,9789693507041,Akaabbreen E Tehreek E Pakistan,Muhammad Ali Chiragh,Available
,9789696621607,Guru Qasim Ali Shah Kay Sath Ilmi O Rohani Safar,Abu Bakar Zahoor,Available
,486989,Khush Rehnay Kay 10 Asool,Mirdula Agarwal,Available
,550383,Shandaar Kamiyabi,Aourj San Sweet Modern,Available
,9789697879182,Oonchi Uraan,Qasim Ali Shah,Available
,574747,Soch Ka Hamaliya,Qasim Ali Shah,Available
,9789697879175,Barhi Manzal Ka musafir,Qasim Ali Shah,Available
,9693520750,Majmuah Dr Muhammad Yunus Butt Butt Paaray Butt,Dr Muhammad Yunus,Available
,377058,Apna Mustaqbil Khud Banaeya,Brian Tracy,Available
,562867,Hasool E Maqasid Kay Raaz,Brian Tracy,Available
,415965,The Power of Intention Quwat E Iradi,Dr Wayne W Dyer,Available
,9789698464394,Badlay Gay Zindagi K Haqaiq Aur Un Ki Asal Rooh Ko,Faiez Hassan Seyal,Available
,9789698464424,Badlo Soch Badlo Zindagi Zindagi Kay Muttaliq Apnai,Faiez Hassan Seyal,Available
,341462,39 Baray Adami,Deel Karmegi,Available
,590990,Time Management Kamyab Logo Ki Aik Eham Khobi,Zulfiqar Ali,Available
,551199,Meethay Bol Mein Jadu Hai,Deel Karmegi,Available
,562850,Kamyab Zindagi Guzarye,Dr Wayne Dyer,Available
,323992,Soch Ki Quwat,Jack Canfield,Available
,9789693524192,Istalahat E Sufia,Hazrat Khawaja Shah,Available
,9789693530049,Shah Waliullah Sawaneh Tasneefat Waghera,M Ikram Chaghatai,Available
,9789693516029,Ilm Ul Iqtisaad,Shaikh Muhammad Iqbal,Available
,9789693514315,Iqbal Nai Tafheem,Dr Saddiq Javaid,Available
,9695030874,Hikayat Ka Encyclopeadia Dunia Bhar Se Qadeem ….,Shahid Latif,Available
,9695032834,Iqbal E Kamil,Moulana Abdul Salam,Available
,587266,Iqbal Ki fikr O Nazar Main Coloniism Mahkoomiat,Khalid Sardar,Available
,9789693522600,Fikriyaat I Iqbal,Dr Waheed Ishrat,Available
,9789693509649,Iqbal Kay Aakhari Do sall,Ashiq Hussain Balalvi,Available
,554107,Iqbal ek Kamyab Seyasatdan,Muhammad Rizwan Gohar,Available
,9789693515404,Sharah Armaghan I Hijaz Persian Urdu,Dr Khawaja Hameed,Available
,9789693516784,Sharh Zabur I Ajam Matan Farhang Tarjuma Aur,Dr Khawaja Hameed,Available
,9789693515978,Sharah Piyam I Mashriq,Dr Khawaja Hameed,Available
,9789693506624,Kulliat E Iqbal Urdu,Allama Muhammad Iqbal,Available
,564595,Allama Muhammad Iqbal Ki Zinda Yaadein,Dr Nadeem Shafiq Malik,Available
,407540,Kuliyat E Iqbal Urdu,Allama Muhammad Iqbal,Available
,9789693517323,Sharah Baal I Jibriel Lughat O Tashreeh,Dr Khawaja Hameed,Available
,9789695328381,Chand Muaasrim E Iqbal,Dr Nadeem Shafiq Malik,Available
,9789693528305,Allama Iqbal Kay Chand Ahbaab,Dr Nadeem Shafiq Malik,Available
,9789695540329,Hakayat E Romi O Saadi,Saima Kamran,Available
,9789693520910,Bostaan Saadi,Dr Khawaja Hameed,Available
,9693514181,Iqbal Ka Fikri Nizam Aur Pakistan Ka Tasavar,Prof Fateh Mohammad,Available
,9789693515602,Zinda Rood Allama Iqbal Ki Mukamal Sawaneh Hayat,Dr Javed Iqbal,Available
,9789693531687,Iqbal Islam Aur Rohani Jamhuriat,Fateh Muhammad Malik,Available
,5954407,Deda O Dil,Muhammmad Ilyas Khokha,Available
,503808,Baang E Dara,Allama Muhammad Iqbal,Available
,9789693517637,Afkar E Iqbal Tashrihaat E Javaid,Dr Javed Iqbal,Available
,9789693516845,Sharh Javid Nama Farhang Tarjuma Aur Tashreeh,Dr Khawaja Hameed,Available
,9789693521450,Allama Iqbal Ki Pasandidah Shakhsiyyat,Dr Khawaja Hameed,Available
,9789693528114,Iqbal Jinnah Aur Pakistan,Dr safdar Mahmood,Available
,9789693505733,Iqbal Fikr O Amal,Prof Fateh Mohammad,Available
,9789693516333,Iqbal Ki Taweel Nazmain Fikri Wa Fanni Mutalaa,Dr Rafi UD Din Hashmi,Available
,9789693522891,Iqbal Ka Fun,Gopi Chand Narang,Available
,566377,Israar E Khudi Wazahati Kitabiyaat,Samia Shahid,Available
,583022,Sharah Ramooz E Bay Khudi Lughat O Tashree Urdu,Zahid Malik,Available
,487405,Sir Syed Say Iqbal Tak,Qazi Javed,Available
,9789693513394,Iqbal Faramoshi,Prof Fateh Mohammad,Available
,9693515773,Ijaz E Iqbal,Dr Sayyed Abdullah,Available
,590754,Bhutto Trial and Execution Bhutto Muqaddima Aur Saza,Victoria Schfield,Available
,9789699007149,Gaandhi Kay Chelay,Zia Shahid,Available
,,Khan Abdul Wali Khan Zindagi Aur Jiddujahad,Zerik Utman Khail,Available
,9789697460069,Such Toh Ye Hai Quaid E Azam Aur  Tareekh E Pakistan,Dr safdar Mahmood,Available
,9789694026251,Pakistan Tareekh Ka Qatal,Khurshid Kamal Aziz,Available
,9789695626726,Haqaiq Haqaiq Hai,Khan Abdul Wali Khan,Available
,588232,"Quiad E Azam Ka Dour E Hakoomat 14August,1947 to 11September 1948",Prof Abdul Haq,Available
,9789696641094,Pakistan Ki Aaini O Siyasi Tareekh,Hamid Khan And Waqar,Available
,9781901458671,The History and Culture of Pakistan,Nigel Kelly,Available
,9789693530339,A Brief History Of Pakistan from the Earliest Times,Ihan H Nadiem,Available
,9693519515,If Truth be Told an Alternate History of Pakistan,Haq Nawaz Akhtar,Available
,9693520203,History of Pakistan Pakistan Through Ages,Ahmad Hasan Dani,Available
,9789698988258,Khalifa Haroon Ul Rasheed Tareekh Islam Ka Aik ….,Tahir Mansoor Farooqi,Available
,417037,Sher Shah Suri Tareekh E Alam Ka Ek Aham Kirdar,Kalkar Rinjan Qanoon Go,Available
,479691,Salah Ud Din Ayubi Novel,Qazi Abdul Sattar,Available
,566681,Binatul Nash,Deputy Naizr Ahmad,Available
,9693520432,Din Aur Dastaan Novel,Intizar Hussain,Available
,9693515943,Nazriyay Say Agay,Intizar Hussain,Available
,9789693524017,Hazaar Dastaan Alif Laila Ka Fasih O Baligh Urdu,Intizar Hussain,Available
,572071,Halaku Khan Mangol Dastan Ka Aik Safak Kirdar,Tahir Mansoor Farooqi,Available
,518192,Qasas Ul Ambya AS,Maulana Abdul Manan,Available
,562058,Bari Soch Bari Kamyabi,Dr Dvid Joseph,Available
,562881,Khalaat Ki Taqat,M R Copmeyer,Available
,489553,Ashra Mubashra Kay Dilchasp Waqiat,Ibne Sarwar Muhammad,Available
,591058,Ashra Mubashara,Hakeem Mahmood Ahmad,Available
,427227,Guftagun Aur Taqreer ka Saleeqa 7 Steps to Effective,Prem P Bhalla,Available
,552011,Doolat Omoviya Undalas Tareekh Islam,Hakeem Mehmood Ahmad,Available
,567510,Muhammad Bin Qasim Fateh sindh Azeem Musalman,Sadiq Hussain Saddique,Available
,483933,Musalman Fateheen,Dr Nazir Ahmad Paracha,Available
,383264,Sultan Mahmood Ghaznavi,Mubeen Rasheed,Available
,402446,Sikandar E Azam Tareekh E Alam Ka Aik Aham Kirdar,Heroldium,Available
,253420,Tazkira Bahaduran E Islam Tareekh E Islam,Faqeer Karam Elahi,Available
,9789698773564,Islami Tareekh Ki Qabil E Fakhar Shkhsiat,Naim Sohaib,Available
,564113,Dolat E Abbasiyah Tareekh E Islam,Hakeem Mehmood Ahmad,Available
,596299,ETEA Entry Test MCQS for Medical and Engineering,Ilmi Kitab,Available
,9789332576513,Complete Guide For the CAT,Nishit K Sinha,Available
,9789339221782,Microbiology  A Sysytems Approach,Marjone Kelly Cowan,Available
,9789332535190,Microbiology A Laboratory Manual,James Cappuccino,Available
,592024,Mariful Quran 8 Vol Set asan Tarjuma Quran,Hazrat Molana MuftiShafi Usmani,Available
,592024,Mariful Quran 8 Vol Set asan Tarjuma Quran,Hazrat Molana MuftiShafi Usmani,Available
,592024,Mariful Quran 8 Vol Set asan Tarjuma Quran,Hazrat Molana MuftiShafi Usmani,Available
,592024,Mariful Quran 8 Vol Set asan Tarjuma Quran,Hazrat Molana MuftiShafi Usmani,Available
,592024,Mariful Quran 8 Vol Set asan Tarjuma Quran,Hazrat Molana MuftiShafi Usmani,Available
,592024,Mariful Quran 8 Vol Set asan Tarjuma Quran,Hazrat Molana MuftiShafi Usmani,Available
,592024,Mariful Quran 8 Vol Set asan Tarjuma Quran,Hazrat Molana MuftiShafi Usmani,Available
,592024,Mariful Quran 8 Vol Set asan Tarjuma Quran,Hazrat Molana MuftiShafi Usmani,Available
,0,Tareekh Sara Khabaray,Amjad Ali,Available
